rank,uid,title,year,venue,url,problem_claimed,actual_mechanism,hidden_assumptions,variables_treated_as_fixed,failure_modes_ignored,what_it_makes_less_novel,what_it_leaves_open
1,doi:10.3390/agronomy15010190,Organic Fertilization Leads to N Limitation Rather than P Limitation in Both Vegetable Soils,2025,Agronomy,https://doi.org/10.3390/agronomy15010190,Addresses energy-based robot skill learning or a neighboring robotics mechanism.,"Prior work usually predicts, ranks, filters, or imitates observed behavior rather than preserving unrealized branches.",The observed outcome is enough to supervise the model.,"Contact mode support, embodiment limits, and deployment perturbations.","Branch collapse, hidden-mode shift, and tail-risk planning failures.",Generic world models and generic uncertainty are crowded.,Energy landscape skill composition keeps action-critical alternatives explicit until a physical observation collapses them.
2,doi:10.1101/2025.05.01.651643,Towards Unraveling Biomolecular Conformational Landscapes with a Generative Foundation Model,,,https://doi.org/10.1101/2025.05.01.651643,Addresses energy-based robot skill learning or a neighboring robotics mechanism.,"Prior work usually predicts, ranks, filters, or imitates observed behavior rather than preserving unrealized branches.",The observed outcome is enough to supervise the model.,"Contact mode support, embodiment limits, and deployment perturbations.","Branch collapse, hidden-mode shift, and tail-risk planning failures.",Generic world models and generic uncertainty are crowded.,Energy landscape skill composition keeps action-critical alternatives explicit until a physical observation collapses them.
3,doi:10.21203/rs.3.rs-9082476/v1,Systematic evaluation of single-cell foundation model interpretability reveals attention captures co-expression rather than unique regulatory signal,,,https://doi.org/10.21203/rs.3.rs-9082476/v1,Addresses energy-based robot skill learning or a neighboring robotics mechanism.,"Prior work usually predicts, ranks, filters, or imitates observed behavior rather than preserving unrealized branches.",The observed outcome is enough to supervise the model.,"Contact mode support, embodiment limits, and deployment perturbations.","Branch collapse, hidden-mode shift, and tail-risk planning failures.",Generic world models and generic uncertainty are crowded.,Energy landscape skill composition keeps action-critical alternatives explicit until a physical observation collapses them.
4,doi:10.1088/1742-6596/2623/1/012015,Validity of Teaching Modules with Problem-Based Learning (PBL) Model Assisted by E-Book to Improve Problem-Solving Skills on Renewable Energy Material and Implementation of Independent Learning Curriculum,2023,Journal of Physics: Conference Series,https://doi.org/10.1088/1742-6596/2623/1/012015,Addresses energy-based robot skill learning or a neighboring robotics mechanism.,"Prior work usually predicts, ranks, filters, or imitates observed behavior rather than preserving unrealized branches.",The observed outcome is enough to supervise the model.,"Contact mode support, embodiment limits, and deployment perturbations.","Branch collapse, hidden-mode shift, and tail-risk planning failures.",Generic world models and generic uncertainty are crowded.,Energy landscape skill composition keeps action-critical alternatives explicit until a physical observation collapses them.
5,doi:10.1126/scirobotics.adp0751,Development of compositionality through interactive learning of language and action of robots,2025,Science Robotics,https://doi.org/10.1126/scirobotics.adp0751,Addresses energy-based robot skill learning or a neighboring robotics mechanism.,"Prior work usually predicts, ranks, filters, or imitates observed behavior rather than preserving unrealized branches.",The observed outcome is enough to supervise the model.,"Contact mode support, embodiment limits, and deployment perturbations.","Branch collapse, hidden-mode shift, and tail-risk planning failures.",Generic world models and generic uncertainty are crowded.,Energy landscape skill composition keeps action-critical alternatives explicit until a physical observation collapses them.
6,doi:10.1177/02783649231179499,Composable energy policies for reactive motion generation and reinforcement learning,2023,The International Journal of Robotics Research,https://doi.org/10.1177/02783649231179499,Addresses energy-based robot skill learning or a neighboring robotics mechanism.,"Prior work usually predicts, ranks, filters, or imitates observed behavior rather than preserving unrealized branches.",The observed outcome is enough to supervise the model.,"Contact mode support, embodiment limits, and deployment perturbations.","Branch collapse, hidden-mode shift, and tail-risk planning failures.",Generic world models and generic uncertainty are crowded.,Energy landscape skill composition keeps action-critical alternatives explicit until a physical observation collapses them.
7,doi:10.1371/journal.pone.0215599,Whole-body dual-energy X-ray absorptiometry demonstrates better reliability than segmental body composition analysis in college-aged students,2019,PLOS ONE,https://doi.org/10.1371/journal.pone.0215599,Addresses energy-based robot skill learning or a neighboring robotics mechanism.,"Prior work usually predicts, ranks, filters, or imitates observed behavior rather than preserving unrealized branches.",The observed outcome is enough to supervise the model.,"Contact mode support, embodiment limits, and deployment perturbations.","Branch collapse, hidden-mode shift, and tail-risk planning failures.",Generic world models and generic uncertainty are crowded.,Energy landscape skill composition keeps action-critical alternatives explicit until a physical observation collapses them.
8,doi:10.1016/j.rcim.2025.102983,Generalizing kinematic skill learning to energy efficient dynamic motion planning using optimized Dynamic Movement Primitives,2025,Robotics and Computer-Integrated Manufacturing,https://doi.org/10.1016/j.rcim.2025.102983,Addresses energy-based robot skill learning or a neighboring robotics mechanism.,"Prior work usually predicts, ranks, filters, or imitates observed behavior rather than preserving unrealized branches.",The observed outcome is enough to supervise the model.,"Contact mode support, embodiment limits, and deployment perturbations.","Branch collapse, hidden-mode shift, and tail-risk planning failures.",Generic world models and generic uncertainty are crowded.,Energy landscape skill composition keeps action-critical alternatives explicit until a physical observation collapses them.
9,doi:10.1109/access.2024.3402089,Bidirectional Progressive Neural Networks With Episodic Return Progress for Emergent Task Sequencing and Robotic Skill Transfer,2024,IEEE Access,https://doi.org/10.1109/access.2024.3402089,Addresses energy-based robot skill learning or a neighboring robotics mechanism.,"Prior work usually predicts, ranks, filters, or imitates observed behavior rather than preserving unrealized branches.",The observed outcome is enough to supervise the model.,"Contact mode support, embodiment limits, and deployment perturbations.","Branch collapse, hidden-mode shift, and tail-risk planning failures.",Generic world models and generic uncertainty are crowded.,Energy landscape skill composition keeps action-critical alternatives explicit until a physical observation collapses them.
10,doi:10.1109/tpel.2017.2700083,Online Energy Management Systems for Microgrids: Experimental Validation and Assessment Framework,2017,IEEE Transactions on Power Electronics,https://doi.org/10.1109/tpel.2017.2700083,Addresses energy-based robot skill learning or a neighboring robotics mechanism.,"Prior work usually predicts, ranks, filters, or imitates observed behavior rather than preserving unrealized branches.",The observed outcome is enough to supervise the model.,"Contact mode support, embodiment limits, and deployment perturbations.","Branch collapse, hidden-mode shift, and tail-risk planning failures.",Generic world models and generic uncertainty are crowded.,Energy landscape skill composition keeps action-critical alternatives explicit until a physical observation collapses them.
11,doi:10.1016/j.enpol.2013.01.019,Rewarding energy savings rather than energy efficiency: Exploring the concept of a feed-in tariff for energy savings,2013,Energy Policy,https://doi.org/10.1016/j.enpol.2013.01.019,Addresses energy-based robot skill learning or a neighboring robotics mechanism.,"Prior work usually predicts, ranks, filters, or imitates observed behavior rather than preserving unrealized branches.",The observed outcome is enough to supervise the model.,"Contact mode support, embodiment limits, and deployment perturbations.","Branch collapse, hidden-mode shift, and tail-risk planning failures.",Generic world models and generic uncertainty are crowded.,Energy landscape skill composition keeps action-critical alternatives explicit until a physical observation collapses them.
12,doi:10.1109/lra.2021.3094498,Autonomous Runtime Composition of Sensor-Based Skills Using Concurrent Task Planning,2021,IEEE Robotics and Automation Letters,https://doi.org/10.1109/lra.2021.3094498,Addresses energy-based robot skill learning or a neighboring robotics mechanism.,"Prior work usually predicts, ranks, filters, or imitates observed behavior rather than preserving unrealized branches.",The observed outcome is enough to supervise the model.,"Contact mode support, embodiment limits, and deployment perturbations.","Branch collapse, hidden-mode shift, and tail-risk planning failures.",Generic world models and generic uncertainty are crowded.,Energy landscape skill composition keeps action-critical alternatives explicit until a physical observation collapses them.
13,doi:10.1109/rcar47638.2019.9043943,Algorithms For the Energy Consumption Limitation of Wireless Sensor Modules,2019,2019 IEEE International Conference on Real-time Computing and Robotics (RCAR),https://doi.org/10.1109/rcar47638.2019.9043943,Addresses energy-based robot skill learning or a neighboring robotics mechanism.,"Prior work usually predicts, ranks, filters, or imitates observed behavior rather than preserving unrealized branches.",The observed outcome is enough to supervise the model.,"Contact mode support, embodiment limits, and deployment perturbations.","Branch collapse, hidden-mode shift, and tail-risk planning failures.",Generic world models and generic uncertainty are crowded.,Energy landscape skill composition keeps action-critical alternatives explicit until a physical observation collapses them.
14,doi:10.1177/0278364920944474,Scaling simulation-to-real transfer by learning a latent space of robot skills,2020,The International Journal of Robotics Research,https://doi.org/10.1177/0278364920944474,Addresses energy-based robot skill learning or a neighboring robotics mechanism.,"Prior work usually predicts, ranks, filters, or imitates observed behavior rather than preserving unrealized branches.",The observed outcome is enough to supervise the model.,"Contact mode support, embodiment limits, and deployment perturbations.","Branch collapse, hidden-mode shift, and tail-risk planning failures.",Generic world models and generic uncertainty are crowded.,Energy landscape skill composition keeps action-critical alternatives explicit until a physical observation collapses them.
15,doi:10.66967/jaics.2026.v2i103,Multimodal AI: PaLM-E’s Role in Vision–Language–Robotics & the Future of Efficient Fine-Tuning,2026,Journal of Artificial Intelligence & Control Systems,https://doi.org/10.66967/jaics.2026.v2i103,Addresses energy-based robot skill learning or a neighboring robotics mechanism.,"Prior work usually predicts, ranks, filters, or imitates observed behavior rather than preserving unrealized branches.",The observed outcome is enough to supervise the model.,"Contact mode support, embodiment limits, and deployment perturbations.","Branch collapse, hidden-mode shift, and tail-risk planning failures.",Generic world models and generic uncertainty are crowded.,Energy landscape skill composition keeps action-critical alternatives explicit until a physical observation collapses them.
16,doi:10.1016/j.heliyon.2023.e15100,Impacts of integrating engineering design process into STEM makerspace on renewable energy unit to foster students’ system thinking skills,2023,Heliyon,https://doi.org/10.1016/j.heliyon.2023.e15100,Addresses energy-based robot skill learning or a neighboring robotics mechanism.,"Prior work usually predicts, ranks, filters, or imitates observed behavior rather than preserving unrealized branches.",The observed outcome is enough to supervise the model.,"Contact mode support, embodiment limits, and deployment perturbations.","Branch collapse, hidden-mode shift, and tail-risk planning failures.",Generic world models and generic uncertainty are crowded.,Energy landscape skill composition keeps action-critical alternatives explicit until a physical observation collapses them.
17,arxiv:2602.13850v3,Humanoid Hanoi: Investigating Shared Whole-Body Control for Skill-Based Box Rearrangement,2026,arXiv,http://arxiv.org/abs/2602.13850v3,Addresses energy-based robot skill learning or a neighboring robotics mechanism.,"Prior work usually predicts, ranks, filters, or imitates observed behavior rather than preserving unrealized branches.",The observed outcome is enough to supervise the model.,"Contact mode support, embodiment limits, and deployment perturbations.","Branch collapse, hidden-mode shift, and tail-risk planning failures.",Generic world models and generic uncertainty are crowded.,Energy landscape skill composition keeps action-critical alternatives explicit until a physical observation collapses them.
18,arxiv:2601.17507v1,MetaWorld: Skill Transfer and Composition in a Hierarchical World Model for Grounding High-Level Instructions,2026,arXiv,http://arxiv.org/abs/2601.17507v1,Addresses energy-based robot skill learning or a neighboring robotics mechanism.,"Prior work usually predicts, ranks, filters, or imitates observed behavior rather than preserving unrealized branches.",The observed outcome is enough to supervise the model.,"Contact mode support, embodiment limits, and deployment perturbations.","Branch collapse, hidden-mode shift, and tail-risk planning failures.",Generic world models and generic uncertainty are crowded.,Energy landscape skill composition keeps action-critical alternatives explicit until a physical observation collapses them.
19,doi:10.5194/bg-20-3119-2023,Potassium limitation of forest productivity – Part 2: CASTANEA-MAESPA-K shows a reduction in photosynthesis rather than a stoichiometric limitation of tissue formation,2023,Biogeosciences,https://doi.org/10.5194/bg-20-3119-2023,Addresses energy-based robot skill learning or a neighboring robotics mechanism.,"Prior work usually predicts, ranks, filters, or imitates observed behavior rather than preserving unrealized branches.",The observed outcome is enough to supervise the model.,"Contact mode support, embodiment limits, and deployment perturbations.","Branch collapse, hidden-mode shift, and tail-risk planning failures.",Generic world models and generic uncertainty are crowded.,Energy landscape skill composition keeps action-critical alternatives explicit until a physical observation collapses them.
20,doi:10.3390/en14092609,Definition of the Future Skills Needs of Job Profiles in the Renewable Energy Sector,2021,Energies,https://doi.org/10.3390/en14092609,Addresses energy-based robot skill learning or a neighboring robotics mechanism.,"Prior work usually predicts, ranks, filters, or imitates observed behavior rather than preserving unrealized branches.",The observed outcome is enough to supervise the model.,"Contact mode support, embodiment limits, and deployment perturbations.","Branch collapse, hidden-mode shift, and tail-risk planning failures.",Generic world models and generic uncertainty are crowded.,Energy landscape skill composition keeps action-critical alternatives explicit until a physical observation collapses them.
21,doi:10.1523/jneurosci.5792-11.2012,Muscle Coordination Is Habitual Rather than Optimal,2012,Journal of Neuroscience,https://doi.org/10.1523/jneurosci.5792-11.2012,Addresses energy-based robot skill learning or a neighboring robotics mechanism.,"Prior work usually predicts, ranks, filters, or imitates observed behavior rather than preserving unrealized branches.",The observed outcome is enough to supervise the model.,"Contact mode support, embodiment limits, and deployment perturbations.","Branch collapse, hidden-mode shift, and tail-risk planning failures.",Generic world models and generic uncertainty are crowded.,Energy landscape skill composition keeps action-critical alternatives explicit until a physical observation collapses them.
22,doi:10.3390/plants14050634,Compliant Motion Planning Integrating Human Skill for Robotic Arm Collecting Tomato Bunch Based on Improved DDPG,2025,Plants,https://doi.org/10.3390/plants14050634,Addresses energy-based robot skill learning or a neighboring robotics mechanism.,"Prior work usually predicts, ranks, filters, or imitates observed behavior rather than preserving unrealized branches.",The observed outcome is enough to supervise the model.,"Contact mode support, embodiment limits, and deployment perturbations.","Branch collapse, hidden-mode shift, and tail-risk planning failures.",Generic world models and generic uncertainty are crowded.,Energy landscape skill composition keeps action-critical alternatives explicit until a physical observation collapses them.
23,doi:10.3389/frobt.2024.1363443,EzSkiROS: enhancing robot skill composition with embedded DSL for early error detection,2025,Frontiers in Robotics and AI,https://doi.org/10.3389/frobt.2024.1363443,Addresses energy-based robot skill learning or a neighboring robotics mechanism.,"Prior work usually predicts, ranks, filters, or imitates observed behavior rather than preserving unrealized branches.",The observed outcome is enough to supervise the model.,"Contact mode support, embodiment limits, and deployment perturbations.","Branch collapse, hidden-mode shift, and tail-risk planning failures.",Generic world models and generic uncertainty are crowded.,Energy landscape skill composition keeps action-critical alternatives explicit until a physical observation collapses them.
24,doi:10.1609/socs.v18i1.35987,Task and Motion Planning Using Infinite Completion Tree and Agnostic Skills,2025,Proceedings of the International Symposium on Combinatorial Search,https://doi.org/10.1609/socs.v18i1.35987,Addresses energy-based robot skill learning or a neighboring robotics mechanism.,"Prior work usually predicts, ranks, filters, or imitates observed behavior rather than preserving unrealized branches.",The observed outcome is enough to supervise the model.,"Contact mode support, embodiment limits, and deployment perturbations.","Branch collapse, hidden-mode shift, and tail-risk planning failures.",Generic world models and generic uncertainty are crowded.,Energy landscape skill composition keeps action-critical alternatives explicit until a physical observation collapses them.
25,doi:10.21203/rs.3.rs-9385278/v1,Natural Language-Driven Zero-Shot Generalization of Robotic Grasping Skills,,,https://doi.org/10.21203/rs.3.rs-9385278/v1,Addresses energy-based robot skill learning or a neighboring robotics mechanism.,"Prior work usually predicts, ranks, filters, or imitates observed behavior rather than preserving unrealized branches.",The observed outcome is enough to supervise the model.,"Contact mode support, embodiment limits, and deployment perturbations.","Branch collapse, hidden-mode shift, and tail-risk planning failures.",Generic world models and generic uncertainty are crowded.,Energy landscape skill composition keeps action-critical alternatives explicit until a physical observation collapses them.
26,arxiv:2604.01158v1,SMASH: Mastering Scalable Whole-Body Skills for Humanoid Ping-Pong with Egocentric Vision,2026,arXiv,http://arxiv.org/abs/2604.01158v1,Addresses energy-based robot skill learning or a neighboring robotics mechanism.,"Prior work usually predicts, ranks, filters, or imitates observed behavior rather than preserving unrealized branches.",The observed outcome is enough to supervise the model.,"Contact mode support, embodiment limits, and deployment perturbations.","Branch collapse, hidden-mode shift, and tail-risk planning failures.",Generic world models and generic uncertainty are crowded.,Energy landscape skill composition keeps action-critical alternatives explicit until a physical observation collapses them.
27,doi:10.1016/j.ijnonlinmec.2024.104685,Energy of a non-linear viscoelastic model compatible with fractional relaxation,2024,International Journal of Non-Linear Mechanics,https://doi.org/10.1016/j.ijnonlinmec.2024.104685,Addresses energy-based robot skill learning or a neighboring robotics mechanism.,"Prior work usually predicts, ranks, filters, or imitates observed behavior rather than preserving unrealized branches.",The observed outcome is enough to supervise the model.,"Contact mode support, embodiment limits, and deployment perturbations.","Branch collapse, hidden-mode shift, and tail-risk planning failures.",Generic world models and generic uncertainty are crowded.,Energy landscape skill composition keeps action-critical alternatives explicit until a physical observation collapses them.
28,doi:10.1002/oca.2415,Optimal control of a wind energy conversion system and a wind turbine,2018,Optimal Control Applications and Methods,https://doi.org/10.1002/oca.2415,Addresses energy-based robot skill learning or a neighboring robotics mechanism.,"Prior work usually predicts, ranks, filters, or imitates observed behavior rather than preserving unrealized branches.",The observed outcome is enough to supervise the model.,"Contact mode support, embodiment limits, and deployment perturbations.","Branch collapse, hidden-mode shift, and tail-risk planning failures.",Generic world models and generic uncertainty are crowded.,Energy landscape skill composition keeps action-critical alternatives explicit until a physical observation collapses them.
29,arxiv:2509.13780v1,Behavior Foundation Model for Humanoid Robots,2025,arXiv,http://arxiv.org/abs/2509.13780v1,Addresses energy-based robot skill learning or a neighboring robotics mechanism.,"Prior work usually predicts, ranks, filters, or imitates observed behavior rather than preserving unrealized branches.",The observed outcome is enough to supervise the model.,"Contact mode support, embodiment limits, and deployment perturbations.","Branch collapse, hidden-mode shift, and tail-risk planning failures.",Generic world models and generic uncertainty are crowded.,Energy landscape skill composition keeps action-critical alternatives explicit until a physical observation collapses them.
30,doi:10.15607/rss.2025.xxi.150,Manual2Skill: Learning to Read Manuals and Acquire Robotic Skills for Furniture Assembly Using Vision-Language Models,2025,Robotics: Science and Systems XXI,https://doi.org/10.15607/rss.2025.xxi.150,Addresses energy-based robot skill learning or a neighboring robotics mechanism.,"Prior work usually predicts, ranks, filters, or imitates observed behavior rather than preserving unrealized branches.",The observed outcome is enough to supervise the model.,"Contact mode support, embodiment limits, and deployment perturbations.","Branch collapse, hidden-mode shift, and tail-risk planning failures.",Generic world models and generic uncertainty are crowded.,Energy landscape skill composition keeps action-critical alternatives explicit until a physical observation collapses them.
31,title:energyaction unimanual to bimanual composition with energy based models,EnergyAction: Unimanual to Bimanual Composition with Energy-Based Models,2026,arXiv (Cornell University),https://openalex.org/W7140346604,Addresses energy-based robot skill learning or a neighboring robotics mechanism.,"Prior work usually predicts, ranks, filters, or imitates observed behavior rather than preserving unrealized branches.",The observed outcome is enough to supervise the model.,"Contact mode support, embodiment limits, and deployment perturbations.","Branch collapse, hidden-mode shift, and tail-risk planning failures.",Generic world models and generic uncertainty are crowded.,Energy landscape skill composition keeps action-critical alternatives explicit until a physical observation collapses them.
32,doi:10.3390/robotics12040104,Skill Fusion in Hybrid Robotic Framework for Visual Object Goal Navigation,2023,Robotics,https://doi.org/10.3390/robotics12040104,Addresses energy-based robot skill learning or a neighboring robotics mechanism.,"Prior work usually predicts, ranks, filters, or imitates observed behavior rather than preserving unrealized branches.",The observed outcome is enough to supervise the model.,"Contact mode support, embodiment limits, and deployment perturbations.","Branch collapse, hidden-mode shift, and tail-risk planning failures.",Generic world models and generic uncertainty are crowded.,Energy landscape skill composition keeps action-critical alternatives explicit until a physical observation collapses them.
33,doi:10.53055/icimod.1121,Forest landscape restoration in the Hindu Kush Himalaya: From global vision to local action,2026,,https://doi.org/10.53055/icimod.1121,Addresses energy-based robot skill learning or a neighboring robotics mechanism.,"Prior work usually predicts, ranks, filters, or imitates observed behavior rather than preserving unrealized branches.",The observed outcome is enough to supervise the model.,"Contact mode support, embodiment limits, and deployment perturbations.","Branch collapse, hidden-mode shift, and tail-risk planning failures.",Generic world models and generic uncertainty are crowded.,Energy landscape skill composition keeps action-critical alternatives explicit until a physical observation collapses them.
34,doi:10.1111/1365-2745.13451/v1/review1,"Review for ""Competition and demography rather than dispersal limitation slow down upward shifts of trees’ upper elevation limits in the Alps""",2020,,https://doi.org/10.1111/1365-2745.13451/v1/review1,Addresses energy-based robot skill learning or a neighboring robotics mechanism.,"Prior work usually predicts, ranks, filters, or imitates observed behavior rather than preserving unrealized branches.",The observed outcome is enough to supervise the model.,"Contact mode support, embodiment limits, and deployment perturbations.","Branch collapse, hidden-mode shift, and tail-risk planning failures.",Generic world models and generic uncertainty are crowded.,Energy landscape skill composition keeps action-critical alternatives explicit until a physical observation collapses them.
35,doi:10.3389/fsuep.2025.1525160,Renewable energy adoption: a case of skill gaps in South African local government,2025,Frontiers in Sustainable Energy Policy,https://doi.org/10.3389/fsuep.2025.1525160,Addresses energy-based robot skill learning or a neighboring robotics mechanism.,"Prior work usually predicts, ranks, filters, or imitates observed behavior rather than preserving unrealized branches.",The observed outcome is enough to supervise the model.,"Contact mode support, embodiment limits, and deployment perturbations.","Branch collapse, hidden-mode shift, and tail-risk planning failures.",Generic world models and generic uncertainty are crowded.,Energy landscape skill composition keeps action-critical alternatives explicit until a physical observation collapses them.
36,doi:10.1007/s41979-022-00078-2,"‘More than Robots’: Reviewing the Impact of the FIRST® LEGO® League Challenge Robotics Competition on School Students’ STEM Attitudes, Learning, and Twenty-First Century Skill Development",2022,Journal for STEM Education Research,https://doi.org/10.1007/s41979-022-00078-2,Addresses energy-based robot skill learning or a neighboring robotics mechanism.,"Prior work usually predicts, ranks, filters, or imitates observed behavior rather than preserving unrealized branches.",The observed outcome is enough to supervise the model.,"Contact mode support, embodiment limits, and deployment perturbations.","Branch collapse, hidden-mode shift, and tail-risk planning failures.",Generic world models and generic uncertainty are crowded.,Energy landscape skill composition keeps action-critical alternatives explicit until a physical observation collapses them.
37,arxiv:2504.17901v2,Beyond Task and Motion Planning: Hierarchical Robot Planning with General-Purpose Skills,2025,arXiv,http://arxiv.org/abs/2504.17901v2,Addresses energy-based robot skill learning or a neighboring robotics mechanism.,"Prior work usually predicts, ranks, filters, or imitates observed behavior rather than preserving unrealized branches.",The observed outcome is enough to supervise the model.,"Contact mode support, embodiment limits, and deployment perturbations.","Branch collapse, hidden-mode shift, and tail-risk planning failures.",Generic world models and generic uncertainty are crowded.,Energy landscape skill composition keeps action-critical alternatives explicit until a physical observation collapses them.
38,arxiv:2111.13129v2,Robot Skill Adaptation via Soft Actor-Critic Gaussian Mixture Models,2021,arXiv,http://arxiv.org/abs/2111.13129v2,Addresses energy-based robot skill learning or a neighboring robotics mechanism.,"Prior work usually predicts, ranks, filters, or imitates observed behavior rather than preserving unrealized branches.",The observed outcome is enough to supervise the model.,"Contact mode support, embodiment limits, and deployment perturbations.","Branch collapse, hidden-mode shift, and tail-risk planning failures.",Generic world models and generic uncertainty are crowded.,Energy landscape skill composition keeps action-critical alternatives explicit until a physical observation collapses them.
39,doi:10.48550/arxiv.2510.01068,Compose Your Policies! Improving Diffusion-based or Flow-based Robot Policies via Test-time Distribution-level Composition,2025,arXiv (Cornell University),https://doi.org/10.48550/arxiv.2510.01068,Addresses energy-based robot skill learning or a neighboring robotics mechanism.,"Prior work usually predicts, ranks, filters, or imitates observed behavior rather than preserving unrealized branches.",The observed outcome is enough to supervise the model.,"Contact mode support, embodiment limits, and deployment perturbations.","Branch collapse, hidden-mode shift, and tail-risk planning failures.",Generic world models and generic uncertainty are crowded.,Energy landscape skill composition keeps action-critical alternatives explicit until a physical observation collapses them.
40,doi:10.3390/app13106119,Enhancing Skills Demand Understanding through Job Ad Segmentation Using NLP and Clustering Techniques,2023,Applied Sciences,https://doi.org/10.3390/app13106119,Addresses energy-based robot skill learning or a neighboring robotics mechanism.,"Prior work usually predicts, ranks, filters, or imitates observed behavior rather than preserving unrealized branches.",The observed outcome is enough to supervise the model.,"Contact mode support, embodiment limits, and deployment perturbations.","Branch collapse, hidden-mode shift, and tail-risk planning failures.",Generic world models and generic uncertainty are crowded.,Energy landscape skill composition keeps action-critical alternatives explicit until a physical observation collapses them.
41,arxiv:2410.17188v2,Minimum-Violation Temporal Logic Planning for Heterogeneous Robots under Robot Skill Failures,2024,arXiv,http://arxiv.org/abs/2410.17188v2,Addresses energy-based robot skill learning or a neighboring robotics mechanism.,"Prior work usually predicts, ranks, filters, or imitates observed behavior rather than preserving unrealized branches.",The observed outcome is enough to supervise the model.,"Contact mode support, embodiment limits, and deployment perturbations.","Branch collapse, hidden-mode shift, and tail-risk planning failures.",Generic world models and generic uncertainty are crowded.,Energy landscape skill composition keeps action-critical alternatives explicit until a physical observation collapses them.
42,doi:10.21203/rs.3.rs-9114900/v1,Free-Energy Geometry and Dynamical Regime Switching under Feasibility Constraints A Transferable Dynamical Motif for Nonequilibrium Systems,,,https://doi.org/10.21203/rs.3.rs-9114900/v1,Addresses energy-based robot skill learning or a neighboring robotics mechanism.,"Prior work usually predicts, ranks, filters, or imitates observed behavior rather than preserving unrealized branches.",The observed outcome is enough to supervise the model.,"Contact mode support, embodiment limits, and deployment perturbations.","Branch collapse, hidden-mode shift, and tail-risk planning failures.",Generic world models and generic uncertainty are crowded.,Energy landscape skill composition keeps action-critical alternatives explicit until a physical observation collapses them.
43,doi:10.64898/2026.05.20.726735,Large language model inference of macromolecular complex composition via model consensus and experimental data integration,,,https://doi.org/10.64898/2026.05.20.726735,Addresses energy-based robot skill learning or a neighboring robotics mechanism.,"Prior work usually predicts, ranks, filters, or imitates observed behavior rather than preserving unrealized branches.",The observed outcome is enough to supervise the model.,"Contact mode support, embodiment limits, and deployment perturbations.","Branch collapse, hidden-mode shift, and tail-risk planning failures.",Generic world models and generic uncertainty are crowded.,Energy landscape skill composition keeps action-critical alternatives explicit until a physical observation collapses them.
44,doi:10.62311/nesx/rb-978-81-998923-9-2,Knowledge Graph and Large Language Model–Based Systems for Accelerating Research and Development Services,2026,,https://doi.org/10.62311/nesx/rb-978-81-998923-9-2,Addresses energy-based robot skill learning or a neighboring robotics mechanism.,"Prior work usually predicts, ranks, filters, or imitates observed behavior rather than preserving unrealized branches.",The observed outcome is enough to supervise the model.,"Contact mode support, embodiment limits, and deployment perturbations.","Branch collapse, hidden-mode shift, and tail-risk planning failures.",Generic world models and generic uncertainty are crowded.,Energy landscape skill composition keeps action-critical alternatives explicit until a physical observation collapses them.
45,arxiv:2601.21251v1,Abstracting Robot Manipulation Skills via Mixture-of-Experts Diffusion Policies,2026,arXiv,http://arxiv.org/abs/2601.21251v1,Addresses energy-based robot skill learning or a neighboring robotics mechanism.,"Prior work usually predicts, ranks, filters, or imitates observed behavior rather than preserving unrealized branches.",The observed outcome is enough to supervise the model.,"Contact mode support, embodiment limits, and deployment perturbations.","Branch collapse, hidden-mode shift, and tail-risk planning failures.",Generic world models and generic uncertainty are crowded.,Energy landscape skill composition keeps action-critical alternatives explicit until a physical observation collapses them.
46,arxiv:2606.08729v1,"IR-SIM: A Lightweight Skill-Native Simulator for Navigation, Learning, and Benchmarking",2026,arXiv,http://arxiv.org/abs/2606.08729v1,Addresses energy-based robot skill learning or a neighboring robotics mechanism.,"Prior work usually predicts, ranks, filters, or imitates observed behavior rather than preserving unrealized branches.",The observed outcome is enough to supervise the model.,"Contact mode support, embodiment limits, and deployment perturbations.","Branch collapse, hidden-mode shift, and tail-risk planning failures.",Generic world models and generic uncertainty are crowded.,Energy landscape skill composition keeps action-critical alternatives explicit until a physical observation collapses them.
47,doi:10.1177/02783649211004615,Learning compositional models of robot skills for task and motion planning,2021,The International Journal of Robotics Research,https://doi.org/10.1177/02783649211004615,Addresses energy-based robot skill learning or a neighboring robotics mechanism.,"Prior work usually predicts, ranks, filters, or imitates observed behavior rather than preserving unrealized branches.",The observed outcome is enough to supervise the model.,"Contact mode support, embodiment limits, and deployment perturbations.","Branch collapse, hidden-mode shift, and tail-risk planning failures.",Generic world models and generic uncertainty are crowded.,Energy landscape skill composition keeps action-critical alternatives explicit until a physical observation collapses them.
48,doi:10.1109/ojemb.2020.2987885,For Motion Assistance Humans Prefer to Rely on a Robot Rather Than on an Unpredictable Human,2020,IEEE Open Journal of Engineering in Medicine and Biology,https://doi.org/10.1109/ojemb.2020.2987885,Addresses energy-based robot skill learning or a neighboring robotics mechanism.,"Prior work usually predicts, ranks, filters, or imitates observed behavior rather than preserving unrealized branches.",The observed outcome is enough to supervise the model.,"Contact mode support, embodiment limits, and deployment perturbations.","Branch collapse, hidden-mode shift, and tail-risk planning failures.",Generic world models and generic uncertainty are crowded.,Energy landscape skill composition keeps action-critical alternatives explicit until a physical observation collapses them.
49,doi:10.1115/dscc2012-movic2012-8613,Model Predictive Longitudinal Control of a Lighter-Than-Air Wind Energy System,2012,Volume 2: Legged Locomotion; Mechatronic Systems; Mechatronics; Mechatronics for Aquatic Environments; MEMS Control; Model Predictive Control; Modeling and Model-Based Control of Advanced IC Engines;,https://doi.org/10.1115/dscc2012-movic2012-8613,Addresses energy-based robot skill learning or a neighboring robotics mechanism.,"Prior work usually predicts, ranks, filters, or imitates observed behavior rather than preserving unrealized branches.",The observed outcome is enough to supervise the model.,"Contact mode support, embodiment limits, and deployment perturbations.","Branch collapse, hidden-mode shift, and tail-risk planning failures.",Generic world models and generic uncertainty are crowded.,Energy landscape skill composition keeps action-critical alternatives explicit until a physical observation collapses them.
50,doi:10.24036/ple.v3i4.278,The Validation of Artificial Intelligence Integrated E-Module with Problem Based Learning Model on Renewable Energy to High School Students’ Critical Thinking Skills,2025,Physics Learning and Education,https://doi.org/10.24036/ple.v3i4.278,Addresses energy-based robot skill learning or a neighboring robotics mechanism.,"Prior work usually predicts, ranks, filters, or imitates observed behavior rather than preserving unrealized branches.",The observed outcome is enough to supervise the model.,"Contact mode support, embodiment limits, and deployment perturbations.","Branch collapse, hidden-mode shift, and tail-risk planning failures.",Generic world models and generic uncertainty are crowded.,Energy landscape skill composition keeps action-critical alternatives explicit until a physical observation collapses them.
51,doi:10.26877/jp2f.v16i1.1398,The Effect of Project Based Learning Model on Science Understanding and Process Skills of Renewable Energy Material,2025,Jurnal Penelitian Pembelajaran Fisika,https://doi.org/10.26877/jp2f.v16i1.1398,Addresses energy-based robot skill learning or a neighboring robotics mechanism.,"Prior work usually predicts, ranks, filters, or imitates observed behavior rather than preserving unrealized branches.",The observed outcome is enough to supervise the model.,"Contact mode support, embodiment limits, and deployment perturbations.","Branch collapse, hidden-mode shift, and tail-risk planning failures.",Generic world models and generic uncertainty are crowded.,Energy landscape skill composition keeps action-critical alternatives explicit until a physical observation collapses them.
52,doi:10.3390/en17236063,Domain-Specific Large Language Model for Renewable Energy and Hydrogen Deployment Strategies,2024,Energies,https://doi.org/10.3390/en17236063,Addresses energy-based robot skill learning or a neighboring robotics mechanism.,"Prior work usually predicts, ranks, filters, or imitates observed behavior rather than preserving unrealized branches.",The observed outcome is enough to supervise the model.,"Contact mode support, embodiment limits, and deployment perturbations.","Branch collapse, hidden-mode shift, and tail-risk planning failures.",Generic world models and generic uncertainty are crowded.,Energy landscape skill composition keeps action-critical alternatives explicit until a physical observation collapses them.
53,doi:10.58496/bjai/2025/007,The Rise of Transformers – Redefining the Landscape of Artificial Intelligence,2025,Babylonian Journal of Artificial Intelligence,https://doi.org/10.58496/bjai/2025/007,Addresses energy-based robot skill learning or a neighboring robotics mechanism.,"Prior work usually predicts, ranks, filters, or imitates observed behavior rather than preserving unrealized branches.",The observed outcome is enough to supervise the model.,"Contact mode support, embodiment limits, and deployment perturbations.","Branch collapse, hidden-mode shift, and tail-risk planning failures.",Generic world models and generic uncertainty are crowded.,Energy landscape skill composition keeps action-critical alternatives explicit until a physical observation collapses them.
54,doi:10.62270/jirmcs.v3i2.38,An Intelligent Algorithm for Evaluating Martial Arts Teaching Skills Based on Complex Picture Fuzzy Dombi Aggregation Operator,2024,Journal of Innovative Research in Mathematical and Computational Sciences,https://doi.org/10.62270/jirmcs.v3i2.38,Addresses energy-based robot skill learning or a neighboring robotics mechanism.,"Prior work usually predicts, ranks, filters, or imitates observed behavior rather than preserving unrealized branches.",The observed outcome is enough to supervise the model.,"Contact mode support, embodiment limits, and deployment perturbations.","Branch collapse, hidden-mode shift, and tail-risk planning failures.",Generic world models and generic uncertainty are crowded.,Energy landscape skill composition keeps action-critical alternatives explicit until a physical observation collapses them.
55,doi:10.5194/egusphere-2022-884,"Potassium-limitation of forest productivity, part 2: CASTANEA-MAESPA-K shows a reduction in photosynthesis rather than a stoichiometric limitation of tissue formation",,,https://doi.org/10.5194/egusphere-2022-884,Addresses energy-based robot skill learning or a neighboring robotics mechanism.,"Prior work usually predicts, ranks, filters, or imitates observed behavior rather than preserving unrealized branches.",The observed outcome is enough to supervise the model.,"Contact mode support, embodiment limits, and deployment perturbations.","Branch collapse, hidden-mode shift, and tail-risk planning failures.",Generic world models and generic uncertainty are crowded.,Energy landscape skill composition keeps action-critical alternatives explicit until a physical observation collapses them.
56,doi:10.5194/egusphere-2022-884-supplement,"Supplementary material to ""Potassium-limitation of forest productivity, part 2: CASTANEA-MAESPA-K shows a reduction in photosynthesis rather than a stoichiometric limitation of tissue formation""",,,https://doi.org/10.5194/egusphere-2022-884-supplement,Addresses energy-based robot skill learning or a neighboring robotics mechanism.,"Prior work usually predicts, ranks, filters, or imitates observed behavior rather than preserving unrealized branches.",The observed outcome is enough to supervise the model.,"Contact mode support, embodiment limits, and deployment perturbations.","Branch collapse, hidden-mode shift, and tail-risk planning failures.",Generic world models and generic uncertainty are crowded.,Energy landscape skill composition keeps action-critical alternatives explicit until a physical observation collapses them.
57,arxiv:2506.07530v2,BitVLA: 1-bit Vision-Language-Action Models for Robotics Manipulation,2025,arXiv,http://arxiv.org/abs/2506.07530v2,Addresses energy-based robot skill learning or a neighboring robotics mechanism.,"Prior work usually predicts, ranks, filters, or imitates observed behavior rather than preserving unrealized branches.",The observed outcome is enough to supervise the model.,"Contact mode support, embodiment limits, and deployment perturbations.","Branch collapse, hidden-mode shift, and tail-risk planning failures.",Generic world models and generic uncertainty are crowded.,Energy landscape skill composition keeps action-critical alternatives explicit until a physical observation collapses them.
58,arxiv:2506.01844v1,SmolVLA: A Vision-Language-Action Model for Affordable and Efficient Robotics,2025,arXiv,http://arxiv.org/abs/2506.01844v1,Addresses energy-based robot skill learning or a neighboring robotics mechanism.,"Prior work usually predicts, ranks, filters, or imitates observed behavior rather than preserving unrealized branches.",The observed outcome is enough to supervise the model.,"Contact mode support, embodiment limits, and deployment perturbations.","Branch collapse, hidden-mode shift, and tail-risk planning failures.",Generic world models and generic uncertainty are crowded.,Energy landscape skill composition keeps action-critical alternatives explicit until a physical observation collapses them.
59,arxiv:2603.12193v1,SaPaVe: Towards Active Perception and Manipulation in Vision-Language-Action Models for Robotics,2026,arXiv,http://arxiv.org/abs/2603.12193v1,Addresses energy-based robot skill learning or a neighboring robotics mechanism.,"Prior work usually predicts, ranks, filters, or imitates observed behavior rather than preserving unrealized branches.",The observed outcome is enough to supervise the model.,"Contact mode support, embodiment limits, and deployment perturbations.","Branch collapse, hidden-mode shift, and tail-risk planning failures.",Generic world models and generic uncertainty are crowded.,Energy landscape skill composition keeps action-critical alternatives explicit until a physical observation collapses them.
60,doi:10.47852/bonviewjdsis42022111,The Evolving Landscape of Oil and Gas Chemicals: Convergence of Artificial Intelligence and Chemical-Enhanced Oil Recovery in the Energy Transition Toward Sustainable Energy Systems and Net-Zero Emissions,2024,Journal of Data Science and Intelligent Systems,https://doi.org/10.47852/bonviewjdsis42022111,Addresses energy-based robot skill learning or a neighboring robotics mechanism.,"Prior work usually predicts, ranks, filters, or imitates observed behavior rather than preserving unrealized branches.",The observed outcome is enough to supervise the model.,"Contact mode support, embodiment limits, and deployment perturbations.","Branch collapse, hidden-mode shift, and tail-risk planning failures.",Generic world models and generic uncertainty are crowded.,Energy landscape skill composition keeps action-critical alternatives explicit until a physical observation collapses them.
61,doi:10.48550/arxiv.2207.03830,Safe reinforcement learning for multi-energy management systems with known constraint functions,2022,arXiv (Cornell University),https://doi.org/10.48550/arxiv.2207.03830,Addresses energy-based robot skill learning or a neighboring robotics mechanism.,"Prior work usually predicts, ranks, filters, or imitates observed behavior rather than preserving unrealized branches.",The observed outcome is enough to supervise the model.,"Contact mode support, embodiment limits, and deployment perturbations.","Branch collapse, hidden-mode shift, and tail-risk planning failures.",Generic world models and generic uncertainty are crowded.,Energy landscape skill composition keeps action-critical alternatives explicit until a physical observation collapses them.
62,doi:10.1038/ncomms15145,Energy scaling of targeted optimal control of complex networks,2017,Nature Communications,https://doi.org/10.1038/ncomms15145,Addresses energy-based robot skill learning or a neighboring robotics mechanism.,"Prior work usually predicts, ranks, filters, or imitates observed behavior rather than preserving unrealized branches.",The observed outcome is enough to supervise the model.,"Contact mode support, embodiment limits, and deployment perturbations.","Branch collapse, hidden-mode shift, and tail-risk planning failures.",Generic world models and generic uncertainty are crowded.,Energy landscape skill composition keeps action-critical alternatives explicit until a physical observation collapses them.
63,doi:10.1007/s00253-024-13245-9,Dynamic Energy Budget model for E. coli growth in carbon and nitrogen limitation conditions,2024,Applied Microbiology and Biotechnology,https://doi.org/10.1007/s00253-024-13245-9,Addresses energy-based robot skill learning or a neighboring robotics mechanism.,"Prior work usually predicts, ranks, filters, or imitates observed behavior rather than preserving unrealized branches.",The observed outcome is enough to supervise the model.,"Contact mode support, embodiment limits, and deployment perturbations.","Branch collapse, hidden-mode shift, and tail-risk planning failures.",Generic world models and generic uncertainty are crowded.,Energy landscape skill composition keeps action-critical alternatives explicit until a physical observation collapses them.
64,doi:10.1007/s00138-024-01557-9,Deep multimodal-based finger spelling recognition for Thai sign language: a new benchmark and model composition,2024,Machine Vision and Applications,https://doi.org/10.1007/s00138-024-01557-9,Addresses energy-based robot skill learning or a neighboring robotics mechanism.,"Prior work usually predicts, ranks, filters, or imitates observed behavior rather than preserving unrealized branches.",The observed outcome is enough to supervise the model.,"Contact mode support, embodiment limits, and deployment perturbations.","Branch collapse, hidden-mode shift, and tail-risk planning failures.",Generic world models and generic uncertainty are crowded.,Energy landscape skill composition keeps action-critical alternatives explicit until a physical observation collapses them.
65,doi:10.1115/dscc2017-5114,Multiform Adaptive Robot Skill Learning From Humans,2017,"Volume 1: Aerospace Applications; Advances in Control Design Methods; Bio Engineering Applications; Advances in Non-Linear Control; Adaptive and Intelligent Systems Control; Advances in Wind Energy Systems; Advances in Robotics; Assistive and Rehabilitation Robotics; Biomedical and Neural Systems Modeling, Diagnostics, and Control; Bio-Mechatronics and Physical Human Robot; Advanced Driver Assistance Systems and Autonomous Vehicles; Automotive Systems",https://doi.org/10.1115/dscc2017-5114,Addresses energy-based robot skill learning or a neighboring robotics mechanism.,"Prior work usually predicts, ranks, filters, or imitates observed behavior rather than preserving unrealized branches.",The observed outcome is enough to supervise the model.,"Contact mode support, embodiment limits, and deployment perturbations.","Branch collapse, hidden-mode shift, and tail-risk planning failures.",Generic world models and generic uncertainty are crowded.,Energy landscape skill composition keeps action-critical alternatives explicit until a physical observation collapses them.
66,doi:10.1609/aaai.v40i22.38955,Gentle Manipulation Policy Learning via Demonstrations from VLM Planned Atomic Skills,2026,Proceedings of the AAAI Conference on Artificial Intelligence,https://doi.org/10.1609/aaai.v40i22.38955,Addresses energy-based robot skill learning or a neighboring robotics mechanism.,"Prior work usually predicts, ranks, filters, or imitates observed behavior rather than preserving unrealized branches.",The observed outcome is enough to supervise the model.,"Contact mode support, embodiment limits, and deployment perturbations.","Branch collapse, hidden-mode shift, and tail-risk planning failures.",Generic world models and generic uncertainty are crowded.,Energy landscape skill composition keeps action-critical alternatives explicit until a physical observation collapses them.
67,arxiv:2109.08771v2,Search-Based Task Planning with Learned Skill Effect Models for Lifelong Robotic Manipulation,2021,arXiv,http://arxiv.org/abs/2109.08771v2,Addresses energy-based robot skill learning or a neighboring robotics mechanism.,"Prior work usually predicts, ranks, filters, or imitates observed behavior rather than preserving unrealized branches.",The observed outcome is enough to supervise the model.,"Contact mode support, embodiment limits, and deployment perturbations.","Branch collapse, hidden-mode shift, and tail-risk planning failures.",Generic world models and generic uncertainty are crowded.,Energy landscape skill composition keeps action-critical alternatives explicit until a physical observation collapses them.
68,doi:10.1115/dscc2013-3796,Altitude and Crosswind Motion Control for Optimal Power-Point Tracking in Tethered Wind Energy Systems With Airborne Power Generation,2013,"Volume 3: Nonlinear Estimation and Control; Optimization and Optimal Control; Piezoelectric Actuation and Nanoscale Control; Robotics and Manipulators; Sensing; System Identification (Estimation for Automotive Applications, Modeling, Therapeutic Control in Bio-Systems); Variable Structure/Sliding-Mode Control; Vehicles and Human Robotics; Vehicle Dynamics and Control; Vehicle Path Planning and Collision Avoidance; Vibrational and Mechanical Systems; Wind Energy Systems and Control",https://doi.org/10.1115/dscc2013-3796,Addresses energy-based robot skill learning or a neighboring robotics mechanism.,"Prior work usually predicts, ranks, filters, or imitates observed behavior rather than preserving unrealized branches.",The observed outcome is enough to supervise the model.,"Contact mode support, embodiment limits, and deployment perturbations.","Branch collapse, hidden-mode shift, and tail-risk planning failures.",Generic world models and generic uncertainty are crowded.,Energy landscape skill composition keeps action-critical alternatives explicit until a physical observation collapses them.
69,doi:10.31763/ijrcs.v5i3.1926,Improved Trajectory Tracking for Nonholonomic Mobile Robots Via Dynamic Weight Adjustment in Type-2 Fuzzy Model Predictive Control,2025,International Journal of Robotics and Control Systems,https://doi.org/10.31763/ijrcs.v5i3.1926,Addresses energy-based robot skill learning or a neighboring robotics mechanism.,"Prior work usually predicts, ranks, filters, or imitates observed behavior rather than preserving unrealized branches.",The observed outcome is enough to supervise the model.,"Contact mode support, embodiment limits, and deployment perturbations.","Branch collapse, hidden-mode shift, and tail-risk planning failures.",Generic world models and generic uncertainty are crowded.,Energy landscape skill composition keeps action-critical alternatives explicit until a physical observation collapses them.
70,doi:10.1109/access.2018.2889882,Process Planning Optimization With Energy Consumption Reduction From a Novel Perspective: Mathematical Modeling and a Dynamic Programming-Like Heuristic Algorithm,2019,IEEE Access,https://doi.org/10.1109/access.2018.2889882,Addresses energy-based robot skill learning or a neighboring robotics mechanism.,"Prior work usually predicts, ranks, filters, or imitates observed behavior rather than preserving unrealized branches.",The observed outcome is enough to supervise the model.,"Contact mode support, embodiment limits, and deployment perturbations.","Branch collapse, hidden-mode shift, and tail-risk planning failures.",Generic world models and generic uncertainty are crowded.,Energy landscape skill composition keeps action-critical alternatives explicit until a physical observation collapses them.
71,doi:10.1063/1.2838491,Voltage-limitation-free analytical single-electron transistor model incorporating the effects of spin-degenerate discrete energy states,2008,Journal of Applied Physics,https://doi.org/10.1063/1.2838491,Addresses energy-based robot skill learning or a neighboring robotics mechanism.,"Prior work usually predicts, ranks, filters, or imitates observed behavior rather than preserving unrealized branches.",The observed outcome is enough to supervise the model.,"Contact mode support, embodiment limits, and deployment perturbations.","Branch collapse, hidden-mode shift, and tail-risk planning failures.",Generic world models and generic uncertainty are crowded.,Energy landscape skill composition keeps action-critical alternatives explicit until a physical observation collapses them.
72,doi:10.18653/v1/2024.emnlp-main.878,Images Speak Louder than Words: Understanding and Mitigating Bias in Vision-Language Model from a Causal Mediation Perspective,2024,Proceedings of the 2024 Conference on Empirical Methods in Natural Language Processing,https://doi.org/10.18653/v1/2024.emnlp-main.878,Addresses energy-based robot skill learning or a neighboring robotics mechanism.,"Prior work usually predicts, ranks, filters, or imitates observed behavior rather than preserving unrealized branches.",The observed outcome is enough to supervise the model.,"Contact mode support, embodiment limits, and deployment perturbations.","Branch collapse, hidden-mode shift, and tail-risk planning failures.",Generic world models and generic uncertainty are crowded.,Energy landscape skill composition keeps action-critical alternatives explicit until a physical observation collapses them.
73,doi:10.1609/aaai.v38i6.28425,Point-to-Spike Residual Learning for Energy-Efficient 3D Point Cloud Classification,2024,Proceedings of the AAAI Conference on Artificial Intelligence,https://doi.org/10.1609/aaai.v38i6.28425,Addresses energy-based robot skill learning or a neighboring robotics mechanism.,"Prior work usually predicts, ranks, filters, or imitates observed behavior rather than preserving unrealized branches.",The observed outcome is enough to supervise the model.,"Contact mode support, embodiment limits, and deployment perturbations.","Branch collapse, hidden-mode shift, and tail-risk planning failures.",Generic world models and generic uncertainty are crowded.,Energy landscape skill composition keeps action-critical alternatives explicit until a physical observation collapses them.
74,doi:10.26877/jp2f.v15i4.955,Implementation of a STEM-Based Project-Based Learning Model to Improve Students' Science Process Skills on Alternative Energy Material,2024,Jurnal Penelitian Pembelajaran Fisika,https://doi.org/10.26877/jp2f.v15i4.955,Addresses energy-based robot skill learning or a neighboring robotics mechanism.,"Prior work usually predicts, ranks, filters, or imitates observed behavior rather than preserving unrealized branches.",The observed outcome is enough to supervise the model.,"Contact mode support, embodiment limits, and deployment perturbations.","Branch collapse, hidden-mode shift, and tail-risk planning failures.",Generic world models and generic uncertainty are crowded.,Energy landscape skill composition keeps action-critical alternatives explicit until a physical observation collapses them.
75,title:transformer innovation in a changing energy landscape part i,Transformer innovation in a changing energy landscape – Part I,2020,Hrčak Portal of scientific journals of Croatia (University Computing Centre),https://openalex.org/W3081743539,Addresses energy-based robot skill learning or a neighboring robotics mechanism.,"Prior work usually predicts, ranks, filters, or imitates observed behavior rather than preserving unrealized branches.",The observed outcome is enough to supervise the model.,"Contact mode support, embodiment limits, and deployment perturbations.","Branch collapse, hidden-mode shift, and tail-risk planning failures.",Generic world models and generic uncertainty are crowded.,Energy landscape skill composition keeps action-critical alternatives explicit until a physical observation collapses them.
76,doi:10.29303/jppipa.v11i5.10783,Development of Learning Tools with Project-Based Learning (PjBL) Model on Students' Creative Thinking Skills in Renewable Energy Material,2025,Jurnal Penelitian Pendidikan IPA,https://doi.org/10.29303/jppipa.v11i5.10783,Addresses energy-based robot skill learning or a neighboring robotics mechanism.,"Prior work usually predicts, ranks, filters, or imitates observed behavior rather than preserving unrealized branches.",The observed outcome is enough to supervise the model.,"Contact mode support, embodiment limits, and deployment perturbations.","Branch collapse, hidden-mode shift, and tail-risk planning failures.",Generic world models and generic uncertainty are crowded.,Energy landscape skill composition keeps action-critical alternatives explicit until a physical observation collapses them.
77,doi:10.1186/s12984-019-0587-8,Learning and transfer of complex motor skills in virtual reality: a perspective review,2019,Journal of NeuroEngineering and Rehabilitation,https://doi.org/10.1186/s12984-019-0587-8,Addresses energy-based robot skill learning or a neighboring robotics mechanism.,"Prior work usually predicts, ranks, filters, or imitates observed behavior rather than preserving unrealized branches.",The observed outcome is enough to supervise the model.,"Contact mode support, embodiment limits, and deployment perturbations.","Branch collapse, hidden-mode shift, and tail-risk planning failures.",Generic world models and generic uncertainty are crowded.,Energy landscape skill composition keeps action-critical alternatives explicit until a physical observation collapses them.
78,arxiv:2410.15959v6,Diffusion Transformer Policy,2024,arXiv,http://arxiv.org/abs/2410.15959v6,Addresses energy-based robot skill learning or a neighboring robotics mechanism.,"Prior work usually predicts, ranks, filters, or imitates observed behavior rather than preserving unrealized branches.",The observed outcome is enough to supervise the model.,"Contact mode support, embodiment limits, and deployment perturbations.","Branch collapse, hidden-mode shift, and tail-risk planning failures.",Generic world models and generic uncertainty are crowded.,Energy landscape skill composition keeps action-critical alternatives explicit until a physical observation collapses them.
79,doi:10.1115/1.4070027,Sampling-Based Planning and Predictive Control for Energy Management of a Shipboard Integrated Power System With High Ramp Rate Load,2026,"Journal of Dynamic Systems, Measurement, and Control",https://doi.org/10.1115/1.4070027,Addresses energy-based robot skill learning or a neighboring robotics mechanism.,"Prior work usually predicts, ranks, filters, or imitates observed behavior rather than preserving unrealized branches.",The observed outcome is enough to supervise the model.,"Contact mode support, embodiment limits, and deployment perturbations.","Branch collapse, hidden-mode shift, and tail-risk planning failures.",Generic world models and generic uncertainty are crowded.,Energy landscape skill composition keeps action-critical alternatives explicit until a physical observation collapses them.
80,doi:10.1109/tie.2021.3116581,A Deployment-Efficient Energy Management Strategy for Connected Hybrid Electric Vehicle Based on Offline Reinforcement Learning,2021,IEEE Transactions on Industrial Electronics,https://doi.org/10.1109/tie.2021.3116581,Addresses energy-based robot skill learning or a neighboring robotics mechanism.,"Prior work usually predicts, ranks, filters, or imitates observed behavior rather than preserving unrealized branches.",The observed outcome is enough to supervise the model.,"Contact mode support, embodiment limits, and deployment perturbations.","Branch collapse, hidden-mode shift, and tail-risk planning failures.",Generic world models and generic uncertainty are crowded.,Energy landscape skill composition keeps action-critical alternatives explicit until a physical observation collapses them.
81,arxiv:2511.04361v2,Causal Regime Detection in Energy Markets With Augmented Time Series Structural Causal Models,2025,arXiv,http://arxiv.org/abs/2511.04361v2,Addresses energy-based robot skill learning or a neighboring robotics mechanism.,"Prior work usually predicts, ranks, filters, or imitates observed behavior rather than preserving unrealized branches.",The observed outcome is enough to supervise the model.,"Contact mode support, embodiment limits, and deployment perturbations.","Branch collapse, hidden-mode shift, and tail-risk planning failures.",Generic world models and generic uncertainty are crowded.,Energy landscape skill composition keeps action-critical alternatives explicit until a physical observation collapses them.
82,doi:10.15607/rss.2023.xix.029,Robotic Skill Acquisition via Instruction Augmentation with Vision-Language Models,2023,Robotics: Science and Systems XIX,https://doi.org/10.15607/rss.2023.xix.029,Addresses energy-based robot skill learning or a neighboring robotics mechanism.,"Prior work usually predicts, ranks, filters, or imitates observed behavior rather than preserving unrealized branches.",The observed outcome is enough to supervise the model.,"Contact mode support, embodiment limits, and deployment perturbations.","Branch collapse, hidden-mode shift, and tail-risk planning failures.",Generic world models and generic uncertainty are crowded.,Energy landscape skill composition keeps action-critical alternatives explicit until a physical observation collapses them.
83,doi:10.1108/ir-05-2022-0130,Enhanced DWA algorithm for local path planning of mobile robot,2023,Industrial Robot: the international journal of robotics research and application,https://doi.org/10.1108/ir-05-2022-0130,Addresses energy-based robot skill learning or a neighboring robotics mechanism.,"Prior work usually predicts, ranks, filters, or imitates observed behavior rather than preserving unrealized branches.",The observed outcome is enough to supervise the model.,"Contact mode support, embodiment limits, and deployment perturbations.","Branch collapse, hidden-mode shift, and tail-risk planning failures.",Generic world models and generic uncertainty are crowded.,Energy landscape skill composition keeps action-critical alternatives explicit until a physical observation collapses them.
84,doi:10.1111/j.1654-1103.2002.tb02020.x,The species pool concept applied to forests in a fragmented landscape: dispersal limitation versus habitat limitation,2002,Journal of Vegetation Science,https://doi.org/10.1111/j.1654-1103.2002.tb02020.x,Addresses energy-based robot skill learning or a neighboring robotics mechanism.,"Prior work usually predicts, ranks, filters, or imitates observed behavior rather than preserving unrealized branches.",The observed outcome is enough to supervise the model.,"Contact mode support, embodiment limits, and deployment perturbations.","Branch collapse, hidden-mode shift, and tail-risk planning failures.",Generic world models and generic uncertainty are crowded.,Energy landscape skill composition keeps action-critical alternatives explicit until a physical observation collapses them.
85,doi:10.24840/2183-0606_012.001_0010,"A Conceptual Framework for Workforce Skills for Industry 5.0: Implications for Research, Policy and Practice",2024,Journal of Innovation Management,https://doi.org/10.24840/2183-0606_012.001_0010,Addresses energy-based robot skill learning or a neighboring robotics mechanism.,"Prior work usually predicts, ranks, filters, or imitates observed behavior rather than preserving unrealized branches.",The observed outcome is enough to supervise the model.,"Contact mode support, embodiment limits, and deployment perturbations.","Branch collapse, hidden-mode shift, and tail-risk planning failures.",Generic world models and generic uncertainty are crowded.,Energy landscape skill composition keeps action-critical alternatives explicit until a physical observation collapses them.
86,doi:10.1016/j.landurbplan.2013.11.012,Green roofs as habitats for wild plant species in urban landscapes: First insights from a large-scale sampling,2014,Landscape and Urban Planning,https://doi.org/10.1016/j.landurbplan.2013.11.012,Addresses energy-based robot skill learning or a neighboring robotics mechanism.,"Prior work usually predicts, ranks, filters, or imitates observed behavior rather than preserving unrealized branches.",The observed outcome is enough to supervise the model.,"Contact mode support, embodiment limits, and deployment perturbations.","Branch collapse, hidden-mode shift, and tail-risk planning failures.",Generic world models and generic uncertainty are crowded.,Energy landscape skill composition keeps action-critical alternatives explicit until a physical observation collapses them.
87,doi:10.1002/acs.3940,Model Independent Dynamic Predictive Controller Design Using Differential Extreme Learning Machine for Composition Control in Binary Distillation Column,2025,International Journal of Adaptive Control and Signal Processing,https://doi.org/10.1002/acs.3940,Addresses energy-based robot skill learning or a neighboring robotics mechanism.,"Prior work usually predicts, ranks, filters, or imitates observed behavior rather than preserving unrealized branches.",The observed outcome is enough to supervise the model.,"Contact mode support, embodiment limits, and deployment perturbations.","Branch collapse, hidden-mode shift, and tail-risk planning failures.",Generic world models and generic uncertainty are crowded.,Energy landscape skill composition keeps action-critical alternatives explicit until a physical observation collapses them.
88,doi:10.1108/ir-11-2017-0200,Energy-optimal motion planning of a biped pole-climbing robot with kinodynamic constraints,2018,Industrial Robot: An International Journal,https://doi.org/10.1108/ir-11-2017-0200,Addresses energy-based robot skill learning or a neighboring robotics mechanism.,"Prior work usually predicts, ranks, filters, or imitates observed behavior rather than preserving unrealized branches.",The observed outcome is enough to supervise the model.,"Contact mode support, embodiment limits, and deployment perturbations.","Branch collapse, hidden-mode shift, and tail-risk planning failures.",Generic world models and generic uncertainty are crowded.,Energy landscape skill composition keeps action-critical alternatives explicit until a physical observation collapses them.
89,doi:10.1093/oxfordhb/9780190458898.013.35,Language Policy and Planning and Linguistic Landscapes,2018,Oxford Handbooks Online,https://doi.org/10.1093/oxfordhb/9780190458898.013.35,Addresses energy-based robot skill learning or a neighboring robotics mechanism.,"Prior work usually predicts, ranks, filters, or imitates observed behavior rather than preserving unrealized branches.",The observed outcome is enough to supervise the model.,"Contact mode support, embodiment limits, and deployment perturbations.","Branch collapse, hidden-mode shift, and tail-risk planning failures.",Generic world models and generic uncertainty are crowded.,Energy landscape skill composition keeps action-critical alternatives explicit until a physical observation collapses them.
90,doi:10.1140/epjc/s10052-025-14707-8,Large physics models: towards a collaborative approach with large language models and foundation models,2025,The European Physical Journal C,https://doi.org/10.1140/epjc/s10052-025-14707-8,Addresses energy-based robot skill learning or a neighboring robotics mechanism.,"Prior work usually predicts, ranks, filters, or imitates observed behavior rather than preserving unrealized branches.",The observed outcome is enough to supervise the model.,"Contact mode support, embodiment limits, and deployment perturbations.","Branch collapse, hidden-mode shift, and tail-risk planning failures.",Generic world models and generic uncertainty are crowded.,Energy landscape skill composition keeps action-critical alternatives explicit until a physical observation collapses them.
91,doi:10.1126/scirobotics.aea1995,"Demonstrate once, execute on many: Kinematic intelligence for cross-robot skill transfer",2026,Science Robotics,https://doi.org/10.1126/scirobotics.aea1995,Addresses energy-based robot skill learning or a neighboring robotics mechanism.,"Prior work usually predicts, ranks, filters, or imitates observed behavior rather than preserving unrealized branches.",The observed outcome is enough to supervise the model.,"Contact mode support, embodiment limits, and deployment perturbations.","Branch collapse, hidden-mode shift, and tail-risk planning failures.",Generic world models and generic uncertainty are crowded.,Energy landscape skill composition keeps action-critical alternatives explicit until a physical observation collapses them.
92,doi:10.3390/robotics15050095,Energy-Aware Multi-Agent Proximal Policy Optimization with Depletion Safety Constraints for Multi-Robot Coordination,2026,Robotics,https://doi.org/10.3390/robotics15050095,Addresses energy-based robot skill learning or a neighboring robotics mechanism.,"Prior work usually predicts, ranks, filters, or imitates observed behavior rather than preserving unrealized branches.",The observed outcome is enough to supervise the model.,"Contact mode support, embodiment limits, and deployment perturbations.","Branch collapse, hidden-mode shift, and tail-risk planning failures.",Generic world models and generic uncertainty are crowded.,Energy landscape skill composition keeps action-critical alternatives explicit until a physical observation collapses them.
93,doi:10.3389/fsuep.2026.1788325,Beyond technology: why energy democracy is the engine of rural revival,2026,Frontiers in Sustainable Energy Policy,https://doi.org/10.3389/fsuep.2026.1788325,Addresses energy-based robot skill learning or a neighboring robotics mechanism.,"Prior work usually predicts, ranks, filters, or imitates observed behavior rather than preserving unrealized branches.",The observed outcome is enough to supervise the model.,"Contact mode support, embodiment limits, and deployment perturbations.","Branch collapse, hidden-mode shift, and tail-risk planning failures.",Generic world models and generic uncertainty are crowded.,Energy landscape skill composition keeps action-critical alternatives explicit until a physical observation collapses them.
94,doi:10.1108/ir-10-2024-0495,Integrating skill knowledge and multimodal information to enhance 3C assembly skills,2025,Industrial Robot: the international journal of robotics research and application,https://doi.org/10.1108/ir-10-2024-0495,Addresses energy-based robot skill learning or a neighboring robotics mechanism.,"Prior work usually predicts, ranks, filters, or imitates observed behavior rather than preserving unrealized branches.",The observed outcome is enough to supervise the model.,"Contact mode support, embodiment limits, and deployment perturbations.","Branch collapse, hidden-mode shift, and tail-risk planning failures.",Generic world models and generic uncertainty are crowded.,Energy landscape skill composition keeps action-critical alternatives explicit until a physical observation collapses them.
95,doi:10.1609/aaaiss.v7i1.36931,From Bias to Breakdown: Benchmarking Failure Mode Analysis of Single-cell RNA Sequencing Foundation Models in Acute Myeloid Leukemia,2025,Proceedings of the AAAI Symposium Series,https://doi.org/10.1609/aaaiss.v7i1.36931,Addresses energy-based robot skill learning or a neighboring robotics mechanism.,"Prior work usually predicts, ranks, filters, or imitates observed behavior rather than preserving unrealized branches.",The observed outcome is enough to supervise the model.,"Contact mode support, embodiment limits, and deployment perturbations.","Branch collapse, hidden-mode shift, and tail-risk planning failures.",Generic world models and generic uncertainty are crowded.,Energy landscape skill composition keeps action-critical alternatives explicit until a physical observation collapses them.
96,doi:10.1007/s00423-024-03598-0,Objective surgical skill assessment based on automatic recognition of dissection and exposure times in robot-assisted radical prostatectomy,2025,Langenbeck s Archives of Surgery,https://doi.org/10.1007/s00423-024-03598-0,Addresses energy-based robot skill learning or a neighboring robotics mechanism.,"Prior work usually predicts, ranks, filters, or imitates observed behavior rather than preserving unrealized branches.",The observed outcome is enough to supervise the model.,"Contact mode support, embodiment limits, and deployment perturbations.","Branch collapse, hidden-mode shift, and tail-risk planning failures.",Generic world models and generic uncertainty are crowded.,Energy landscape skill composition keeps action-critical alternatives explicit until a physical observation collapses them.
97,doi:10.1002/adc2.238,Hybrid Energy Systems: Synergy Margin and Control Co‐Design,2024,Advanced Control for Applications,https://doi.org/10.1002/adc2.238,Addresses energy-based robot skill learning or a neighboring robotics mechanism.,"Prior work usually predicts, ranks, filters, or imitates observed behavior rather than preserving unrealized branches.",The observed outcome is enough to supervise the model.,"Contact mode support, embodiment limits, and deployment perturbations.","Branch collapse, hidden-mode shift, and tail-risk planning failures.",Generic world models and generic uncertainty are crowded.,Energy landscape skill composition keeps action-critical alternatives explicit until a physical observation collapses them.
98,doi:10.1186/s10033-025-01216-8,"Fast, Safe and Robust Motion Planning for Autonomous Vehicles Based on Robust Control Invariant Tubes",2025,Chinese Journal of Mechanical Engineering,https://doi.org/10.1186/s10033-025-01216-8,Addresses energy-based robot skill learning or a neighboring robotics mechanism.,"Prior work usually predicts, ranks, filters, or imitates observed behavior rather than preserving unrealized branches.",The observed outcome is enough to supervise the model.,"Contact mode support, embodiment limits, and deployment perturbations.","Branch collapse, hidden-mode shift, and tail-risk planning failures.",Generic world models and generic uncertainty are crowded.,Energy landscape skill composition keeps action-critical alternatives explicit until a physical observation collapses them.
99,title:lost in translation skills policy and the shift to skill ecosystems,Lost in translation? Skills policy and the shift to skill ecosystems,2012,Strathprints: The University of Strathclyde institutional repository (University of Strathclyde),https://openalex.org/W161294835,Addresses energy-based robot skill learning or a neighboring robotics mechanism.,"Prior work usually predicts, ranks, filters, or imitates observed behavior rather than preserving unrealized branches.",The observed outcome is enough to supervise the model.,"Contact mode support, embodiment limits, and deployment perturbations.","Branch collapse, hidden-mode shift, and tail-risk planning failures.",Generic world models and generic uncertainty are crowded.,Energy landscape skill composition keeps action-critical alternatives explicit until a physical observation collapses them.
100,doi:10.1152/jn.00263.2016,Persistence of reduced neuromotor noise in long-term motor skill learning,2016,Journal of Neurophysiology,https://doi.org/10.1152/jn.00263.2016,Addresses energy-based robot skill learning or a neighboring robotics mechanism.,"Prior work usually predicts, ranks, filters, or imitates observed behavior rather than preserving unrealized branches.",The observed outcome is enough to supervise the model.,"Contact mode support, embodiment limits, and deployment perturbations.","Branch collapse, hidden-mode shift, and tail-risk planning failures.",Generic world models and generic uncertainty are crowded.,Energy landscape skill composition keeps action-critical alternatives explicit until a physical observation collapses them.
